x,y
207.5,102.5
327.500369521578,52.5003695368475
102.5,52.5
2.50036957913065,37.4999984984361
307.5,382.5
212.5,202.5
237.49999859262,212.499998627922
287.499998549056,97.4996284791126
372.5,227.5
57.5,247.5
362.49999847234,407.500184163159
272.499628393746,497.499628540895
197.499628687249,477.500369624036
57.5,367.5
427.5,77.5
422.5,182.5
162.5,217.5
227.500369469798,332.500184006059
137.5,197.5
192.499813446405,212.49999865219
412.499998662673,377.500369347476
187.5,237.5
372.5,292.5
282.5,382.5
427.5,227.5
307.5,17.5
297.499628473603,447.499628435102
152.5,312.5
467.5,137.5
147.5,387.5
2.50036945135569,192.499813385086
322.5,437.5
382.500183937527,267.499813461553
452.500369514104,397.499628497812
172.499628533049,137.499998634539
182.500183974892,12.4999986083209
22.5,132.5
132.500183950672,77.5003695091763
492.5,147.5
352.5,327.5
402.5,492.5
382.5,52.5
377.50036962228,22.4996284335652
347.499628468397,12.4999986516057
372.499628413827,252.500369431548
2.5,267.5
297.499628588147,407.500183951939
232.5,397.5
67.5,372.5
302.5,367.5
202.500369424312,2.50036938767783
47.5,462.5
167.499813406622,362.499998656505
367.499813444485,467.499813453632
162.5,232.5
12.4999986022267,12.4999985223954
7.5,367.5
212.49999860178,307.500183875307
12.5,282.5
177.500369436505,207.50018386496
432.5,242.5
77.5,447.5
257.500184166788,477.500369447818
317.499814314526,122.499628958838
357.500183927096,452.500369430719
247.499628275924,22.4996283932732
482.500183785052,182.5001842919
82.5001843293949,457.500184150467
97.5,22.5
277.5,277.5
367.5,77.5
232.500183975678,357.50018392344
437.499998582353,152.500369490733
47.5,457.5
322.5,152.5
7.5,302.5
437.5,192.5
162.499998474442,372.499628498723
122.5,337.5
342.5,252.5
287.5,262.5
297.5,287.5
492.499813229525,282.500183905184
137.499998460976,217.499813960584
227.500369703363,407.500184613873
157.5,97.5
232.5,387.5
352.500369460512,457.500183912537
437.5,227.5
237.5,57.5
237.5,282.5
137.499998617627,47.4996284622135
417.5,167.5
377.5,42.5
412.5,452.5
432.500184043744,202.500369330317
117.499813427809,132.500183951131
182.500183930004,142.499813279725
77.5,72.5
67.4998135048545,467.499813365355
142.5,277.5
137.5,492.5
57.5,377.5
237.499998577,262.499998655059
407.5,232.5
312.499998596912,72.4996284784484
387.499998657347,22.4996285022067
197.5,102.5
432.5,147.5
322.499628465804,422.499628425582
167.5,222.5
57.5001841041336,317.499813419046
362.499998928847,417.499813525595
497.5,332.5
347.499628605845,462.499998791316
167.5,47.5
267.499813415493,227.500369532896
147.5,192.5
247.5,302.5
227.5,147.5
222.5,397.5
367.499813412198,357.500183826238
147.499628492392,227.500369441751
212.5,67.5
292.49981343172,27.500369417744
57.500183918493,7.50018399653581
182.50018411163,307.500183921037
332.500183948489,12.4999986074909
432.500183929972,122.499628432653
167.5,27.5
47.5,152.5
327.500369482028,192.499813687931
57.5001838232913,307.500184008081
267.499813324795,462.499998457649
452.5,17.5
292.5,297.5
97.5,47.5
117.5,347.5
137.499998616731,452.500369475412
37.5,277.5
202.5,282.5
457.500184014682,42.4998135533792
132.500183996752,47.4996284497267
272.5,197.5
37.5,117.5
477.500369527945,352.500369405075
157.5,2.5
7.5,317.5
152.500369451297,282.500184159114
382.500183874851,7.50018391895833
327.5,347.5
277.500369395064,197.499628429866
427.5,267.5
422.5,347.5
177.5,247.5
322.5,87.5
417.5,182.5
267.499813382569,77.5003697202272
212.499998623164,172.499628403608
252.5,207.5
142.5,262.5
302.5,432.5
97.4996289329742,457.500184341773
417.5,497.5
352.5,92.5
472.499628159566,242.499813448885
207.5,337.5
12.5,292.5
262.5,132.5
442.5,27.5
422.5,482.5
442.5,247.5
42.5,77.5
362.499998573941,452.500369461561
182.5,452.5
177.5,122.5
92.5,477.5
32.5001839007937,12.4999986082234
442.5,462.5
107.500184178315,442.499813337206
37.4999985732071,7.50018401987022
7.50018422727344,162.499998554156
147.499628477527,242.49981340452
32.5001840082535,67.4998134712691
272.5,67.5
492.499813542774,32.5001841727111
367.499813394894,132.50018397276
237.499998385693,17.4998133424413
357.500184249555,352.500369516171
197.499628618629,447.499628008641
357.500183790982,407.500183948347
422.5,157.5
287.5,267.5
427.500369414948,322.499628383673
357.5,392.5
177.5,117.5
477.5,462.5
372.499628659209,152.500369486771
52.5,492.5
7.5,372.5
42.4998134974779,497.499628406632
367.5,17.5
62.499998563,402.500369397732
217.499813350033,242.499813396867
227.500369899039,237.499999075632
262.499998618081,352.500369579361
12.5,82.5
212.5,72.5
212.5,412.5
192.5,357.5
2.5,272.5
282.5,162.5
12.5,97.5
147.49962846735,232.500183973991
157.5,467.5
242.5,112.5
112.499998911098,267.499813385239
382.500184081798,107.50018399828
127.5,357.5
417.499813411617,437.49999848561
227.5,172.5
207.5,377.5
197.5,242.5
337.499998801179,462.4999987373
162.5,2.5
267.5,267.5
142.5,142.5
467.5,407.5
327.500369467382,477.500369422644
327.500369489071,372.499628480162
122.499628576107,142.499813563163
27.5003693953908,2.50036938348184
407.500183935335,262.49999854674
252.5,262.5
47.5,287.5
132.500183958709,457.500184016037
62.5,232.5
207.500183952609,2.50036945669922
292.499813505099,357.500184355371
222.49962857233,27.5003695103805
212.5,347.5
497.499628743293,202.500370182041
437.5,247.5
52.5,177.5
292.499813307325,192.499813384358
327.5,77.5
392.499813290074,252.500369512809
272.5,127.5
117.5,402.5
332.500183881676,352.500369429169
237.5,292.5
47.5,92.5
62.5,87.5
297.499628447491,227.500369414445
247.49962843321,212.499998566221
82.5,487.5
297.499628598469,467.499813324693
302.5,447.5
152.50036943023,122.49962868574
112.499998773792,382.500183904909
202.500369485579,267.499813483163
302.50036943144,67.4998134007158
317.5,7.5
97.4996284165953,177.500369326598
212.499998747023,322.499628332272
387.5,47.5
412.5,37.5
322.5,42.5
487.5,257.5
422.5,287.5
312.5,472.5
437.499998677621,57.5001840059846
262.5,167.5
102.5,347.5
32.5,347.5
212.5,432.5
97.5,262.5
207.5,332.5
247.499628649243,2.50036945943232
252.5,217.5
317.5,497.5
392.499813588987,167.499813613152
22.5,107.5
312.5,162.5
62.4999986581831,32.5001840327297
482.5,492.5
477.500369646157,202.500369051607
387.5,462.5
352.5,207.5
427.5,347.5
197.499628320454,277.500369691614
252.500369466748,247.499628497864
467.499813235424,227.50036939895
47.4996284383965,437.499998567588
407.5,27.5
497.499628423297,287.499998596954
322.5,397.5
77.5,382.5
267.499813352554,357.500184002662
392.5,37.5
242.49981314426,22.4996284858769
302.5003694317,327.500369296527
292.499813756954,362.499999015305
487.5,307.5
232.500184047344,202.500369490429
247.5,312.5
207.5,217.5
437.499998534991,477.500369473597
307.5,352.5
492.5,72.5
162.499998621266,392.49981338526
2.50036921270599,157.500184052495
392.499813436718,357.500184120373
327.500369455198,492.499813361042
57.5001841551142,322.499628495353
242.5,197.5
122.5,152.5
172.5,487.5
477.5,427.5
172.5,452.5
222.499628493854,32.5001840329909
47.5,397.5
197.499628519437,212.499998623727
267.5,187.5
247.5,67.5
282.5,392.5
402.5,407.5
477.5,482.5
417.5,117.5
452.5,432.5
177.500369448764,392.49981341311
322.49962906874,272.499628435306
137.5,287.5
162.5,57.5
207.500183995856,162.499998602573
327.500370168131,402.500369196333
382.500184553055,292.499813500218
272.5,72.5
382.500184042118,97.4996284663982
212.5,207.5
162.5,192.5
232.500183909102,232.500184648237
27.500369419187,477.500369345669
252.5,257.5
297.499628387196,327.500369537392
287.5,252.5
117.499813477423,437.49999856897
317.5,362.5
312.5,372.5
397.5,457.5
217.49981342751,172.499628435003
332.500184383104,472.499629114233
97.5,372.5
217.5,112.5
357.5,2.5
157.50018383148,372.499628546335
77.5,387.5
362.5,207.5
417.5,242.5
137.499998678871,2.50036968711382
67.5,197.5
187.499998622326,212.499998556246
247.5,282.5
32.5,352.5
107.500183956175,257.500183744622
392.49981341768,112.499998627089
157.5,497.5
22.5,377.5
192.499813427602,132.500183961942
497.499628608723,47.4996286567895
317.5,47.5
442.499813352749,477.500369397116
462.5,7.5
312.5,177.5
187.5,182.5
332.500184011014,372.499628490155
7.50018401043927,242.499813389081
357.5,302.5
62.4999986240154,437.499998614056
12.5,267.5
452.5,412.5
397.499628483882,197.499628420074
2.50036934186927,402.500369371111
487.499998759612,32.5001840069612
72.4996284674727,302.500369429313
337.5,337.5
62.5,197.5
2.5,487.5
17.5,112.5
402.5,297.5
457.50018387878,217.499813366596
402.5,232.5
377.50036944882,277.500370260863
467.499813439022,27.5003693541769
27.5,132.5
482.5,112.5
497.5,167.5
477.5,17.5
487.499998584119,357.50018389391
197.49962870164,442.499812921719
72.5,177.5
467.499813366366,217.499813430665
442.5,42.5
222.5,122.5
457.500183932792,362.499999161869
172.5,52.5
97.4996284510877,152.500369477687
322.5,382.5
457.5,7.5
272.5,147.5
342.5,142.5
182.5,247.5
82.5,72.5
127.500368940912,202.5003697405
482.5,17.5
387.5,227.5
97.5,32.5
297.499628523661,182.500184145119
42.5,192.5
72.4996285878702,37.4999986362206
397.49962834703,252.50036950055
417.5,317.5
497.499628602993,27.5003696676837
492.49981341068,212.499999186734
202.5,442.5
72.5,237.5
97.4996284312359,132.500183970151
222.499628391411,247.49962843969
472.499628512708,182.500183911727
422.5,42.5
12.5,362.5
112.499998990636,127.500369347294
342.5,392.5
37.5,302.5
27.5003694647065,72.4996284607487
462.499998658738,72.4996285122253
347.499629678886,47.4996287403262
72.4996286242221,162.499998307709
477.5,157.5
67.4998133921881,302.500369492338
32.5,277.5
422.499628462014,252.500369361894
152.5,232.5
387.499998957606,157.500184252965
367.5,57.5
257.5,52.5
282.5,107.5
292.5,207.5
317.5,157.5
37.5,187.5
87.5,57.5
217.5,442.5
337.499998501818,197.49962827597
67.4998132908001,337.499998699127
457.500184017106,212.49999854182
137.5,162.5
117.5,307.5
482.500184109935,237.499998486981
112.499998632471,432.500183934565
257.500183967196,227.500369246278
237.499998540343,257.500184010036
187.5,352.5
72.5,207.5
177.5,252.5
287.5,167.5
392.5,417.5
157.500183957268,172.499628479544
177.5,452.5
477.5,312.5
117.5,22.5
252.500369413195,232.500183943287
377.500369402097,482.500184373766
27.5,177.5
232.500183995864,267.499813484394
327.5,392.5
312.5,237.5
17.4998134217405,37.4999983485057
407.5,467.5
267.499813614472,487.499998589895
347.499628387285,482.500183959548
27.5,87.5
377.5,47.5
232.5,112.5
62.4999986587375,347.499628460211
177.500369536012,287.49999869209
127.5,417.5
457.500183992275,292.49981335681
112.499998777598,137.499998476732
427.5,182.5
477.5,252.5
162.499998502711,147.499628503056
302.5,152.5
452.5,152.5
307.5,247.5
202.500369482647,32.5001839201323
142.499813362648,217.499813627331
492.499813446764,372.499628511081
367.5,2.5
297.499628537605,482.500183905144
232.5,187.5
42.5,152.5
192.499813291277,277.500369560632
427.500369481458,447.499628584044
137.5,187.5
47.5,42.5
22.5,67.5
217.499813433131,227.5003694463
357.5,247.5
147.49962892429,222.499628952457
267.499813347685,457.5001838323
27.5,97.5
287.499998398634,82.5001839996842
482.5,57.5
332.5,207.5
217.499813516655,177.500369368234
272.5,137.5
442.5,132.5
167.5,327.5
172.499628448573,417.499813818793
112.5,212.5
27.5,267.5
97.5,227.5
82.5001840189562,167.499813411817
222.5,437.5
362.5,382.5
162.5,187.5
2.5,352.5
252.5,102.5
117.5,407.5
242.499813438482,367.499813437629
187.499998742467,447.499628849842
67.5,107.5
267.499813461195,372.499628524757
32.5,307.5
367.5,232.5
162.5,47.5
287.5,377.5
332.5,377.5
22.5,267.5
407.5,177.5
27.5,332.5
17.5,317.5
352.500369329469,167.499813401441
362.5,322.5
37.5,97.5
467.499813364959,392.499813341306
397.499628697342,77.5003694651545
267.5,152.5
232.500184287578,427.50036967314
417.5,192.5
292.499813412609,442.499813412024
22.5,312.5
37.4999986259634,67.4998132387488
42.5,357.5
112.499998599389,257.500183988371
362.5,57.5
267.5,287.5
372.499628543784,267.49981339348
402.5,197.5
447.499628487449,317.499813439977
402.5,322.5
72.5,397.5
362.5,317.5
182.500184072101,202.500369442064
477.500369336243,282.500183949857
77.5003694081528,137.499998415408
7.5,387.5
357.50018377302,172.499628411617
392.499814193275,292.499813339852
402.5,32.5
97.5,387.5
412.5,412.5
392.499814091128,287.499998530292
392.499813417687,182.500183942451
32.5,467.5
307.5,212.5
107.5,182.5
387.5,412.5
257.500183971885,472.499628556796
77.5003697338779,457.500184389685
322.5,222.5
357.50018411329,272.499628365877
167.499813298516,172.49962844818
212.5,327.5
222.499628531313,162.499998514098
62.4999986140254,42.4998135035394
227.5,182.5
457.5,497.5
117.5,57.5
12.4999984962347,402.500369411981
432.5,257.5
162.5,332.5
327.500369437356,167.499814059714
17.4998134074473,422.499628478988
342.5,122.5
152.500369355625,157.500184113403
267.5,327.5
252.5,187.5
307.5,42.5
47.5,167.5
222.499628414054,497.49962824776
222.499628312488,462.49999852914
7.50018392579625,412.49999851712
462.5,457.5
37.5,352.5
217.5,387.5
257.500183828666,382.500184054971
427.500369472604,102.500369486844
362.5,397.5
407.5,187.5
212.499998664444,267.499813433133
217.499813475244,492.499813310574
352.5,7.5
407.5,162.5
2.50036951728745,232.500183944982
397.5,247.5
462.499998651079,202.500369533605
487.5,302.5
77.5003694389193,182.500183936793
477.5,477.5
52.5003694593909,347.499628448472
292.499813290082,92.4998133502141
277.500369617912,147.499628470128
222.499628521897,42.4998134622345
352.5,317.5
417.5,172.5
187.499998784643,442.499813774624
347.499628544882,187.499998264339
282.5,297.5
102.5,417.5
467.499813417475,282.50018398142
102.500369440885,32.5001840694109
182.5,162.5
442.499813421977,432.500183849462
407.5,127.5
492.5,427.5
437.5,237.5
172.5,182.5
487.5,337.5
282.500184237755,177.50036934751
482.5,442.5
52.5,287.5
42.5,267.5
447.499628592454,67.4998132772416
127.5,252.5
117.499813407635,42.4998132265672
177.500369637787,82.5001836526858
452.500369441033,42.4998133037019
17.4998134609894,417.499813433656
297.5,57.5
197.5,247.5
412.5,177.5
377.500369449089,332.500183937195
132.5,287.5
382.5,62.5
102.500369477443,92.4998132948444
107.500184000584,92.4998134427306
392.499813458416,117.499813426893
447.5,27.5
87.5,52.5
222.499628580976,357.500183824244
7.50018398888986,17.4998134301635
357.5,307.5
422.5,332.5
417.5,477.5
302.5,172.5
427.500369394069,477.500369405354
177.5,72.5
302.5,442.5
352.5,307.5
252.5,52.5
262.5,127.5
127.500369478883,47.4996284463136
382.5,442.5
312.5,167.5
107.500184150029,377.500369479749
202.500369507733,37.4999985550633
182.500184177686,442.499813989624
202.5,107.5
177.5,232.5
332.5,397.5
177.5,42.5
137.499998193577,22.4996287577646
267.5,172.5
287.5,282.5
467.499813377775,107.500183905549
272.5,192.5
352.5,212.5
217.5,287.5
172.5,212.5
42.5,292.5
492.5,267.5
227.500369360587,232.500184442431
227.5,137.5
452.500369378139,217.499813396313
137.499998614291,87.4999987083518
252.5,417.5
117.499813398901,462.49999858747
242.5,387.5
62.4999985222688,342.499813393025
172.5,42.5
402.500369385754,257.500183974167
447.49962846913,117.499813298961
12.5,357.5
152.5,457.5
32.5,357.5
77.5,47.5
442.499813449821,57.5001840369043
417.5,147.5
217.5,447.5
377.5,427.5
247.5,102.5
322.5,492.5
32.5001840429549,497.499628401838
467.499813430408,257.500183923777
22.5,457.5
247.5,117.5
117.499813342122,97.4996284229063
52.5003695356188,32.5001839950622
462.5,162.5
362.5,37.5
252.500369511586,442.499813484285
312.5,142.5
212.5,122.5
172.5,62.5
132.5,392.5
237.49999861204,267.499813466749
27.5,277.5
247.499628482142,262.499998621474
67.5,187.5
122.49962824955,252.500369566182
452.5,7.5
67.4998133461006,147.499628371927
432.5,327.5
477.5,52.5
322.499628554724,417.499813335684
122.499628144616,352.500369792169
427.500369464371,487.49999856995
202.500369391976,372.499628452211
127.5,147.5
207.5,277.5
267.5,307.5
282.5,72.5
47.4996281492665,217.499813429042
142.5,67.5
362.5,87.5
337.499999011429,472.499628648148
142.5,492.5
467.499813529941,347.499628472875
172.5,237.5
82.5001839114403,97.4996286908107
342.5,92.5
12.5,337.5
162.499998621779,387.499998554325
407.5,402.5
27.5003694527138,487.499998489494
102.500369381327,97.4996283391428
67.5,237.5
127.500369567564,2.50036965911517
212.5,297.5
282.500184227779,472.499628623797
467.499813516331,32.5001838818149
437.5,462.5
392.5,472.5
142.499813444407,82.5001839212217
77.5,492.5
87.5,232.5
487.499998399232,82.5001841319841
62.5,77.5
162.5,222.5
262.5,197.5
32.5,372.5
212.5,222.5
382.500183961972,192.499813407723
242.499813441427,207.500184007776
77.5,327.5
472.499628306452,232.500184046932
92.4998134987048,282.50018391871
422.5,192.5
132.5,172.5
107.500184055162,432.500183944798
382.500183837783,252.500369454842
7.5,352.5
187.499998505119,147.49962843334
182.5,42.5
32.5,297.5
72.5,392.5
147.5,397.5
497.499629089011,222.499629162371
232.5,462.5
7.5,327.5
147.499628497666,82.5001839133878
372.5,222.5
47.4996286357417,497.499628408439
332.500183938352,312.499998794731
452.500369514309,207.500183944568
397.499628485246,102.500369528304
127.5,277.5
422.5,362.5
247.499628607385,402.500369269247
472.499628424324,352.500369674247
412.5,472.5
227.5,472.5
137.499998611429,92.4998135068287
252.5,307.5
22.5,127.5
357.5,52.5
297.5,277.5
12.5,392.5
2.5,117.5
92.5,497.5
302.5,77.5
97.5,497.5
32.5,322.5
372.5,332.5
67.5,277.5
62.499998514348,427.500369480464
67.5,87.5
132.5,357.5
357.5,492.5
232.500183958882,252.50036954595
82.5001839611976,417.499813449833
457.5,312.5
342.499813402552,492.499813360446
57.5001841040561,152.500369398879
397.5,307.5
212.499998575681,137.499998623717
172.5,67.5
12.5,467.5
367.5,327.5
492.5,467.5
212.5,387.5
212.5,342.5
427.500369483586,67.4998133295781
317.5,477.5
267.499813354226,387.499998521382
77.5003692432872,472.499628876898
102.5,182.5
117.5,317.5
327.500370062353,407.500183744566
307.5,47.5
217.5,67.5
267.499813411764,367.499813390965
397.5,462.5
442.5,82.5
172.5,247.5
382.5,392.5
352.5,227.5
72.4996284541865,412.499998605574
42.4998134473334,62.4999985700665
282.500183963038,32.5001839307822
467.499813280099,232.500183931845
442.5,472.5
182.5,337.5
187.5,102.5
137.5,447.5
262.5,147.5
172.49962857198,292.499813690565
482.5,467.5
92.5,377.5
197.5,197.5
247.5,152.5
277.5,7.5
462.5,497.5
342.49981346624,372.499628438243
67.5,497.5
377.500369544812,107.500183991997
202.5,427.5
157.500183948382,252.500369496724
247.5,157.5
227.5,47.5
447.499628336061,392.499813220429
197.499628736968,427.500369006744
262.499998644197,372.499628608921
277.5,172.5
292.499813415196,437.499998576633
242.5,62.5
277.500369515002,37.49999841141
177.500369409448,137.499998562481
7.50018400738251,232.500183972379
377.5,57.5
72.4996284614581,402.500369439665
292.499813535328,467.499813496179
432.5,82.5
212.499998519418,452.500369626327
337.5,207.5
222.5,332.5
137.5,297.5
332.5,212.5
72.5,287.5
362.5,107.5
147.499628498321,237.49999858135
367.5,302.5
252.5,142.5
67.5,222.5
447.5,467.5
322.5,392.5
462.5,22.5
327.500369476478,362.499998581599
97.5,27.5
177.5,167.5
497.5,107.5
317.5,357.5
472.499628490624,342.499813337094
217.499813216101,187.499998590234
192.5,47.5
482.5,432.5
77.5003694698604,187.499998541094
162.5,482.5
12.5,92.5
282.5,17.5
327.500369650984,467.499814596115
62.5,482.5
47.5,227.5
342.499813436238,362.499998555721
442.5,257.5
67.5,77.5
107.5,207.5
337.5,232.5
192.5,182.5
192.499813377345,12.4999986143389
442.499813844878,297.499628375228
357.500183974775,472.499628512339
222.5,407.5
87.5,317.5
492.5,137.5
137.5,412.5
52.5,247.5
57.5,382.5
227.5,382.5
102.5,487.5
272.5,47.5
37.5,367.5
112.5,2.5
97.4996282813973,137.499998585598
42.4998134508041,57.5001839122761
77.5003694756773,157.500184035611
412.5,107.5
467.499813485604,382.500183895182
267.499813393927,467.499813304521
342.499814046676,422.499629112439
437.499998662491,432.500184170415
187.499998631163,7.50018404296174
42.5,127.5
487.499998705142,42.4998134118728
112.499998585902,237.499998653999
242.5,52.5
197.5,177.5
242.5,462.5
457.5,417.5
222.5,297.5
167.5,212.5
272.5,202.5
172.499628309822,287.499998879361
442.5,352.5
332.5,237.5
97.5,232.5
32.5,187.5
372.5,347.5
282.500184113934,487.499998867148
7.5,87.5
157.500184044533,392.499813370727
307.500183974223,342.499813292413
237.499998911613,237.499999214783
292.499813508692,332.500183959942
27.5,137.5
102.5,152.5
227.500369445733,262.499998611108
462.5,477.5
12.5,67.5
487.499998619141,87.4999987710889
187.5,177.5
357.5,57.5
177.5,467.5
222.499628384635,97.4996284967059
47.4996284538804,7.50018396861832
187.499998409553,492.499813349051
62.5,297.5
397.5,467.5
227.5,302.5
22.5,92.5
252.5,182.5
12.5,497.5
407.5,362.5
147.5,392.5
282.500184028764,37.4999985376694
202.5,222.5
447.5,452.5
37.5,142.5
207.500184104697,477.500369308461
297.499628467385,37.4999987895776
17.5,337.5
182.500183790279,492.49981335083
287.5,102.5
342.499813687086,157.500184145911
232.5,107.5
142.5,257.5
92.5,242.5
447.5,407.5
117.499813572836,382.500183863886
17.4998132362324,27.500369246018
87.5,367.5
47.4996287855227,52.5003694531261
412.499998539822,387.499998567682
252.5,297.5
32.5,137.5
467.499813461027,377.500369343591
287.499998625582,442.499813431858
127.5,392.5
282.5001838365,192.499813218661
352.5,27.5
97.4996286649151,147.499628484421
147.499628380904,467.499813290765
262.5,192.5
342.499813294724,352.500369418436
357.5,102.5
157.5,242.5
52.5003695200763,127.500369451225
457.5,467.5
72.5,187.5
122.499628521113,87.4999984858853
257.5,262.5
117.499813367335,247.499628449374
37.5,152.5
17.5,97.5
22.5,137.5
467.499813753191,367.499813316159
32.5,192.5
57.5,57.5
167.5,457.5
362.5,27.5
327.5,227.5
212.499998729414,477.50036939941
162.5,17.5
182.5,347.5
412.5,147.5
247.5,177.5
442.499813429804,307.500184019428
407.5,167.5
222.5,412.5
222.5,117.5
42.5,397.5
412.499998580079,442.499813371837
122.5,317.5
462.499998777621,347.499628646315
437.5,457.5
497.499628523685,42.4998135680022
107.5,322.5
432.500184279389,427.500369535964
182.5,112.5
77.5003694859147,412.499998700805
137.5,252.5
162.5,322.5
202.5,382.5
452.5,22.5
242.5,287.5
267.499813323617,427.500369411838
442.499813335504,122.499628488708
292.5,102.5
57.5001839308476,137.499998619601
357.5,442.5
462.5,472.5
497.5,302.5
452.500369673718,337.499998845848
277.500369558864,477.500370458432
462.499998754403,342.499813616021
32.5,182.5
312.499999809465,257.500184574094
157.5,322.5
172.499628457894,107.500184065248
77.5,2.5
92.5,337.5
412.5,167.5
277.500369538194,427.500369445724
237.5,42.5
467.5,317.5
142.499813348218,27.5003694228758
472.499628505411,252.500369480618
327.5,102.5
377.500369265484,172.49962842069
152.50036948044,142.499813410718
22.5,282.5
342.499813564449,172.499628630069
52.5,377.5
397.5,242.5
212.499998509144,497.499628366179
92.5,442.5
127.500369344347,462.499998610636
402.500369642732,397.499628389909
87.5,267.5
82.5001842035703,297.499628788084
52.5,242.5
362.499998741321,352.500369422251
477.5,117.5
412.5,112.5
162.499998552828,167.499813504433
42.5,82.5
347.5,297.5
217.499813124147,147.49962856681
437.5,37.5
217.499813460126,267.499813337202
297.5,272.5
422.5,472.5
477.5,412.5
177.500369571706,482.500183967669
217.499813508805,467.499813521442
172.499628328157,102.500369550092
457.500183958697,37.4999987159232
137.5,102.5
422.5,77.5
37.4999984231855,222.499628425259
327.5,262.5
312.49999934095,122.499628221685
207.5,432.5
437.499998599122,487.499998679856
2.50036927254831,152.500369551106
397.5,312.5
347.5,112.5
487.5,157.5
147.5,262.5
222.499628599404,177.500369423694
257.5,187.5
402.500369528958,432.500183998234
162.5,492.5
87.5,247.5
172.5,47.5
202.5,407.5
362.499998671939,267.499813361982
347.499628262209,457.500184162674
17.4998134581082,17.4998133629739
42.5,382.5
157.5,317.5
387.5,302.5
197.5,352.5
82.500183828253,402.500369488524
442.5,87.5
12.5,87.5
437.49999843694,377.500369618832
192.499813534083,447.499628467432
47.499628494195,17.4998133970751
17.4998134732594,22.4996284489577
222.499628533311,467.499813387005
357.5,312.5
247.5,462.5
32.5,327.5
67.4998132269748,307.500183989904
92.5,2.5
167.499813280842,107.5001841007
202.5003694426,252.500369601474
362.5,392.5
447.499628418078,322.499628506895
462.499998681762,337.499998851033
292.499813632691,472.499628539773
492.5,252.5
382.5,427.5
192.499813300705,137.499998571847
267.5,57.5
437.499998924949,427.500369720125
332.5,277.5
337.499998523374,192.499813156434
392.5,322.5
37.5,272.5
92.5,487.5
417.499813248958,7.50018389571768
427.500369596093,432.500184039131
212.499998634596,132.500183932791
162.499998508624,267.499813458897
267.5,222.5
72.4996284147941,147.499628491366
387.5,432.5
152.500369468671,167.499813467392
22.4996285185877,47.49962845153
217.499813479817,482.500183859967
132.5,492.5
477.5,302.5
437.5,47.5
267.5,407.5
187.5,37.5
472.5,452.5
102.500369751467,267.499813265868
447.499629183453,287.499998655443
42.5,452.5
287.499998496067,457.500184158695
312.49999860921,67.499813406996
472.499628535389,397.499628469605
362.5,17.5
117.499813415444,472.499628457535
117.499813442316,387.49999852111
402.500369513204,62.4999986263783
217.499813298497,457.500184103875
97.5,482.5
372.5,27.5
432.500185098685,277.500369280131
97.4996283874316,82.5001842982603
142.499813295633,97.4996284518633
477.5,272.5
487.499998394331,177.500369775176
422.499628442814,217.499813526198
237.499998515693,327.500369518398
37.5,257.5
382.500183992903,482.500184154837
362.5,192.5
482.500184092615,97.4996286186682
87.4999986460894,167.499813376577
422.5,142.5
172.499628491825,127.50036948315
342.499813382805,162.499998778608
212.499998600784,17.4998133964714
102.500369411719,297.499628734677
142.499813415465,92.499813365229
347.499628365745,182.500183613052
37.5,77.5
442.499813451579,202.500369579895
152.5,187.5
472.5,492.5
222.499628482438,352.500369335747
77.5003697729322,197.4996284197
187.5,67.5
47.5,337.5
257.5,257.5
377.500369454438,257.500183900603
367.5,322.5
382.5,242.5
92.4998135053864,192.499813416973
197.5,62.5
77.5003695136038,112.499998602193
327.5,112.5
252.5,422.5
117.5,117.5
187.5,172.5
227.500369393349,477.500369401516
337.5,382.5
2.50036945340751,2.50036944836593
372.5,62.5
112.499998620869,457.500183952007
127.5,272.5
242.5,277.5
167.5,17.5
142.5,57.5
197.5,367.5
237.5,157.5
462.5,427.5
77.5,42.5
17.5,107.5
287.5,62.5
272.499628427554,427.500369363488
417.5,402.5
47.4996285514308,62.4999986212665
172.5,472.5
472.499628493926,117.499813348743
317.499813415316,412.499998719043
412.499998537959,252.500369477985
287.499998585882,482.500184123961
162.5,302.5
452.5,307.5
317.5,202.5
382.500184433497,162.499998513269
282.5,282.5
187.5,262.5
12.5,127.5
282.500184010821,47.4996284039693
202.50036933545,452.500369397213
192.499813718519,282.500184101621
7.5,477.5
142.5,182.5
2.5,357.5
32.5,242.5
152.5,207.5
357.5,107.5
402.5,227.5
332.500183983414,162.499998679613
132.5,57.5
342.5,247.5
377.500369465531,147.499628511355
227.500370331843,242.499813798985
197.499628605175,422.499628490806
137.499998637676,37.4999985805079
452.5,422.5
57.5,77.5
487.499998702671,242.499813437462
382.5,27.5
122.5,197.5
32.5,32.5
277.500369526943,332.500184261069
167.5,322.5
487.5,427.5
57.5,107.5
187.5,122.5
242.499813371068,257.500183982385
442.4998134386,302.50036946782
492.5,337.5
87.5,497.5
327.500369314114,177.500369770654
492.499813352238,87.4999986540404
192.49981362204,442.499813320262
462.5,487.5
77.5,242.5
57.5001840286021,447.499628359156
422.5,187.5
427.5,422.5
297.49962830031,82.5001841257332
302.500369484326,62.4999985897604
17.5,82.5
152.500369832893,422.499628485291
382.500183897039,2.50036945203889
137.5,177.5
252.5,2.5
7.5,382.5
422.499628441016,392.499813271817
207.5,117.5
312.5,487.5
437.5,97.5
272.499628292582,382.500183724232
357.500183997259,262.499998457412
227.5,307.5
487.5,102.5
477.50036964532,217.499812933629
42.5,37.5
482.500184051923,372.499628498544
392.499813387574,262.499998643722
432.5,472.5
262.499998924486,492.499813478267
77.5,272.5
247.499628445,252.500369444708
227.5,27.5
152.5,177.5
272.5,117.5
437.5,337.5
162.499998569467,172.499628565478
12.4999985977102,422.499628484889
87.4999985521403,87.4999986781342
317.5,172.5
122.499628514013,82.5001838321477
497.5,2.5
317.499813398872,72.4996284843554
407.5,312.5
217.5,422.5
462.5,422.5
172.5,302.5
397.499628966709,157.500184118425
452.500369398736,222.499628485223
272.5,307.5
482.500183962359,37.4999985016443
337.5,117.5
357.5,177.5
22.4996285022746,12.4999985523002
162.499998640663,282.500184244577
387.499998614701,112.499998575113
112.5,312.5
347.5,277.5
297.5,107.5
37.5,387.5
367.5,117.5
347.5,257.5
77.5003694204684,417.499813525592
132.50018389557,467.499813385484
227.5,42.5
327.5,207.5
117.5,197.5
142.49981301018,22.4996285311963
442.499814032236,292.49981325247
122.5,57.5
17.4998133597865,407.500184029023
147.5,107.5
82.5,207.5
362.499998528623,257.500183964029
267.5,112.5
112.499998529326,97.4996285711029
267.5,207.5
217.5,347.5
42.5,122.5
252.5,122.5
67.4998134967181,22.4996286142401
182.500184143377,447.49962908506
272.499628464908,77.5003699463003
237.5,162.5
357.500183995374,147.499628422731
172.5,342.5
67.5,382.5
32.5,47.5
77.5003694023782,132.50018380362
67.5,362.5
187.5,342.5
147.49962847001,32.5001839043139
247.5,132.5
237.499998582366,222.49962849439
377.50036957931,112.499998591033
457.500183854763,272.499628456297
307.5,232.5
437.5,372.5
177.500369729031,302.500369317271
192.5,337.5
152.5,32.5
482.5,347.5
62.5,487.5
147.5,267.5
437.5,12.5
97.5,42.5
317.5,472.5
82.5,482.5
192.49981344595,402.500369396825
122.499628518639,432.500183858354
12.5,377.5
17.4998133493507,247.499628440555
337.499998473675,482.500183914897
292.499813694656,177.500369481478
277.500369413658,482.500184971524
432.50018457555,287.499998648682
232.500184031725,497.499628396727
487.5,332.5
432.5,197.5
52.5003694637357,432.500183873824
147.5,422.5
27.5,312.5
407.500184004425,442.49981338388
117.499813359365,257.500183899646
377.500369509494,87.4999986077168
207.500183950345,137.499998618561
252.5,112.5
232.500184004754,272.499628574025
382.5,317.5
117.499813310159,37.4999983962106
337.5,142.5
262.5,142.5
372.5,232.5
332.500183907557,17.4998133717362
122.499628827831,147.499628650366
137.5,137.5
82.5,387.5
192.5,162.5
72.5,202.5
432.5,462.5
477.500369232918,77.5003697104809
302.5,187.5
47.4996285165524,482.500183952923
332.500184038574,27.5003693964492
2.5,262.5
247.499628385386,222.499628447951
92.4998134409311,287.499998632741
462.5,412.5
377.5,467.5
277.500369444904,357.500184048641
32.5001838694363,212.499998632898
237.5,467.5
217.499813447136,42.4998134207146
122.499628368997,97.4996282940042
52.5,372.5
182.500183922232,382.500183937459
357.5,187.5
2.50036948554779,47.4996283478124
87.5,202.5
122.5,477.5
222.5,377.5
317.5,177.5
107.5,302.5
107.5,482.5
2.50036940729233,222.49962858254
22.5,147.5
247.499628497445,352.500369441196
157.5,307.5
192.5,472.5
402.5,337.5
442.5,272.5
297.499628705002,422.499628694645
357.5,202.5
62.4999987301908,37.4999986972662
187.499998865407,297.499628723502
267.5,412.5
227.5,62.5
182.5,342.5
197.49962842256,292.499813675763
422.499628550387,62.4999985338635
497.5,57.5
227.5,117.5
117.5,172.5
432.5,272.5
372.5,7.5
162.5,22.5
187.499998563567,207.500183907562
407.5,112.5
242.499813446353,357.500183995242
82.5,307.5
327.500369365642,352.500369480424
392.499813504479,17.4998133012838
152.5,2.5
212.5,282.5
497.5,322.5
242.5,147.5
172.5,312.5
72.5,97.5
17.4998133170525,402.500369491721
67.5,292.5
252.500369380041,387.499998402022
432.5,412.5
477.5,422.5
332.500184416362,427.500369178391
137.5,477.5
202.5,342.5
117.5,67.5
312.499998874221,117.499813141076
267.499813468952,442.499813379709
42.5,367.5
442.5,457.5
272.499628519652,352.500369433252
307.500185156707,257.500184491356
322.5,92.5
152.5,447.5
287.49999864268,357.500184189167
107.500184227211,147.49962826301
417.5,462.5
387.499998437476,2.50036946720297
467.5,2.5
217.499813341013,487.499998465229
27.5,77.5
207.500183981819,472.499628635602
202.500369435721,22.4996283296883
107.5,402.5
407.500183982393,207.50018385337
212.499998589191,362.499998574025
37.4999984544848,2.50036950503117
402.500369468008,52.5003694857037
112.5,57.5
307.5,82.5
62.499998537134,252.50036946443
302.5003694863,52.5003694462729
307.5,27.5
392.499813556532,77.5003694962327
297.499628595231,142.499813400991
157.500183988437,152.500369528628
457.5,132.5
372.5,2.5
27.5,342.5
397.499628429703,142.499813474821
72.4996283190173,307.500183981402
457.5,457.5
457.5,402.5
307.5,127.5
142.5,177.5
447.5,362.5
42.5,302.5
92.5,207.5
77.5,52.5
267.499813386335,362.499998645405
397.499628515739,97.4996284845018
137.5,182.5
67.5,92.5
227.500369417625,217.499813422829
77.5,62.5
77.5,307.5
422.5,322.5
427.500369446588,157.500184050457
327.500369406532,2.50036941030734
457.5,317.5
362.5,182.5
402.5,102.5
207.5,282.5
132.5,427.5
377.5,227.5
447.5,252.5
37.5,192.5
277.500369581164,232.500183907954
407.5,82.5
227.5,462.5
152.5,497.5
482.500183705307,227.500369448264
292.499813334118,237.499998553374
132.5,262.5
167.499813417331,352.500369526485
437.5,2.5
277.500369666927,492.499814398908
92.4998134684944,167.49981337044
267.5,217.5
82.5001839056276,82.5001840488574
217.499813393984,7.50018411647624
397.5,427.5
22.4996284762047,232.500183916867
272.499628563575,437.499998399344
97.4996285331125,167.49981343375
157.5,92.5
172.49962860165,407.500184397577
242.499813452392,362.499998629739
417.5,27.5
487.5,482.5
187.5,467.5
202.500369409697,302.500369534222
102.500369424297,37.4999986729443
492.499813608107,217.499813943465
217.5,297.5
217.499813369615,307.500184006082
322.5,297.5
7.5,357.5
302.5,307.5
112.499998654998,387.499998573927
42.4998133670653,492.499813348719
497.5,112.5
262.5,52.5
397.5,232.5
382.500183975029,342.499813385696
357.5,92.5
367.5,482.5
362.499998582134,132.500183983394
317.5,282.5
422.5,487.5
187.5,337.5
47.5,382.5
312.5,317.5
197.5,67.5
322.499628779063,347.499628620573
472.5,417.5
337.5,397.5
347.499628520664,22.499628537844
162.5,67.5
102.500369479232,392.499813477202
327.500369458144,452.500370527192
77.5003695444049,142.499813233797
472.499628407661,112.499998534385
437.5,7.5
372.5,67.5
477.5,307.5
357.5,427.5
327.500369554763,187.499998910516
177.5,37.5
22.5,487.5
107.5,197.5
227.5,132.5
87.4999986622003,282.50018468043
77.5,232.5
342.499813448777,22.4996284784076
452.500369376341,232.500183992327
302.5,202.5
387.5,237.5
382.5,67.5
372.5,52.5
497.5,67.5
77.5003693322144,462.499998974247
267.5,27.5
12.4999985939953,17.4998133524812
162.5,457.5
272.5,112.5
457.500183948103,287.499998544785
222.5,427.5
142.5,312.5
137.5,342.5
122.5,207.5
292.499813453854,402.5003694147
317.5,87.5
187.499998528932,497.499628366465
457.500183816563,227.500369414571
27.5003694767929,482.500183907388
222.5,212.5
217.5,427.5
322.5,447.5
102.500369672464,147.499628253725
432.500183919736,117.499813371217
122.5,412.5
332.5,147.5
197.499628600025,287.499998865831
232.500184073353,207.500184032164
442.5,362.5
2.5,442.5
272.5,347.5
342.5,217.5
452.5,12.5
7.5,322.5
147.499628484486,77.5003694319519
207.500184026703,357.500184094162
347.5,127.5
382.500183979457,272.49962850786
117.5,477.5
27.5,167.5
27.5,232.5
452.500369497049,282.500183876711
312.5,27.5
357.500183814238,362.499998556539
87.5,37.5
187.499998630135,402.50036955814
227.500369563497,202.500369450477
127.5,377.5
237.5,27.5
347.5,97.5
307.5,227.5
307.5,2.5
52.5,392.5
257.500184113607,487.499998526234
447.5,327.5
497.499628608535,247.49962846197
57.5,237.5
407.5,327.5
377.500369362421,207.500184025794
162.49999874661,402.500369540564
42.4998133275336,12.4999986375354
107.5,217.5
452.500369499423,382.500184009155
267.5,122.5
32.5,197.5
7.5,72.5
132.500183971038,92.4998134496367
107.5,52.5
302.500370127444,252.500370146837
52.5003693788204,267.499813327263
22.4996284928081,17.4998133548358
192.5,62.5
37.5,27.5
177.500369914567,432.500184647641
47.5,112.5
197.5,342.5
122.499628486307,92.4998132565824
392.499813497379,202.500369633946
407.5,92.5
142.499813379677,247.499628541801
82.5,427.5
22.5,437.5
217.5,437.5
177.5,57.5
247.5,62.5
472.499628536362,382.500183987602
207.500184007596,227.500369426223
202.500369620429,317.499813420814
477.5,467.5
312.5,297.5
382.5,32.5
42.5,157.5
452.500369769976,327.500369781582
102.50036940172,27.5003695778342
262.499998522622,427.500369431086
302.5,22.5
277.500369127261,412.499999169135
332.5,382.5
407.500183990184,62.499998563728
17.5,442.5
317.5,232.5
137.5,317.5
12.5,277.5
307.50018399889,337.499998508231
447.499628490088,52.5003693989109
107.500184066268,357.500183966609
247.499628311286,227.50036946204
207.5,422.5
22.5,392.5
187.5,332.5
27.5003694044063,7.5001839346187
312.499999397514,262.499999295044
252.5,322.5
222.5,102.5
267.5,17.5
167.5,342.5
307.5,152.5
477.5,2.5
232.500184004279,352.500369410413
422.5,167.5
12.5,347.5
327.500369841534,157.500184608587
12.5,142.5
457.500183845405,247.499628502309
282.500184222168,362.499998544333
387.499998604131,102.500369447377
27.5,262.5
492.5,442.5
407.500183992634,52.5003694650263
127.5,267.5
162.49999853722,152.500369574699
147.5,287.5
287.5,57.5
102.5,312.5
322.5,77.5
202.500369581051,177.500369474217
382.5,387.5
262.499998610734,472.499628455933
472.5,172.5
472.5,322.5
497.499628456847,297.499628506134
62.4999986692354,127.500369407373
307.500183964709,57.5001839596504
327.500369673542,462.499999776884
162.499998599161,352.500369521113
297.5,212.5
207.50018411529,322.499628306
77.5003695956276,297.499629114153
322.5,212.5
132.5,317.5
272.5,207.5
7.50018386485115,202.500369443896
467.5,457.5
132.5,112.5
322.5,132.5
27.5,402.5
167.499813304636,147.499628465248
52.5003694554569,417.499813410397
127.5,57.5
477.5,402.5
367.5,47.5
277.5,252.5
372.5,77.5
117.499813159192,252.500369427796
272.499628559744,377.500369134997
207.5,62.5
347.499628737921,412.499999658199
297.499628515872,352.500369925357
72.4996283530625,257.500183966858
162.5,212.5
132.5,442.5
182.5,167.5
452.500369426282,57.500183995036
297.5,262.5
142.5,282.5
362.5,222.5
342.49981357116,462.499998857082
17.5,132.5
277.500369311852,242.499813369184
287.5,172.5
317.5,442.5
67.499813549749,162.499998559623
17.4998133067132,187.4999985277
462.499998536075,217.499813417615
37.5,332.5
142.5,157.5
207.500183705346,87.499998670613
57.5,392.5
117.5,52.5
442.5,402.5
77.5,37.5
27.5003697668307,52.5003695009423
262.49999890417,97.4996293620868
37.5,237.5
57.5001841188112,37.4999985818659
342.499813309655,2.50036946801029
277.5,107.5
42.5,332.5
287.499998588615,337.499998593107
332.500183934243,72.4996284392509
337.499998646382,22.4996284164403
97.5,367.5
322.499629475213,102.500369625755
462.499998650797,377.500369424634
472.5,312.5
342.5,277.5
27.5,292.5
392.499813217296,352.500369634862
382.500184629236,297.499628598977
277.500369533722,92.4998133108906
77.5,262.5
262.5,112.5
422.5,307.5
267.499813554083,392.499813325749
167.499813378639,167.499813390967
417.5,347.5
197.499628485404,132.500184083447
152.500369432454,397.499628559102
212.5,52.5
122.5,72.5
97.4996284914088,157.500183994775
252.5,282.5
202.500369565019,27.5003693716252
497.49962859184,207.500184687761
22.4996284452866,182.500184062033
287.5,22.5
37.5,157.5
207.500184004942,42.4998133966852
227.500369441306,7.50018401079327
57.5001841417796,157.500183912725
107.500184004671,367.499813423299
277.5,2.5
417.499813356957,202.500369548795
422.5,352.5
372.499628605383,157.500183984337
82.5001843058234,197.499628577553
67.4998132981115,257.500184030013
87.5,47.5
377.50036963698,77.5003694819174
322.5,387.5
287.499998583095,127.500369371259
447.5,12.5
52.5003694889924,262.499998526277
482.5,387.5
107.5,72.5
57.5001840491119,42.4998133963775
142.5,422.5
122.499628733635,372.499628863263
312.5,437.5
247.5,377.5
207.500183989336,362.499998697312
472.5,147.5
472.499628522335,207.500184035811
32.500184018384,492.499813279672
152.500369560606,127.500369400233
132.5,497.5
292.5,67.5
357.5,37.5
397.499628821497,492.499813207277
402.500369380094,12.4999986056739
447.499629503169,282.500183949311
462.499998545476,62.4999986386497
32.5001840233849,62.4999986683716
322.5,302.5
357.5,47.5
272.499628434097,482.500184110878
422.5,137.5
292.5,62.5
412.499998587554,217.499813408161
212.5,422.5
437.499998987923,297.499629178237
32.5,367.5
152.5,27.5
157.5,472.5
387.5,417.5
242.5,317.5
372.499628463136,357.500183803197
127.5,387.5
272.5,322.5
327.5,132.5
332.5,107.5
172.499628425697,152.500369143626
237.499998866771,422.499628577522
407.5,292.5
477.5,417.5
182.500183857663,317.499813276755
27.5,347.5
487.499998575774,297.499628365718
332.500183855123,62.4999985047236
152.500369500577,292.499813631004
117.5,167.5
187.5,457.5
442.5,417.5
77.5,22.5
337.499998965343,157.500184240825
7.5,142.5
487.499998802314,247.499628452953
127.5,347.5
277.5,207.5
252.50036958897,437.499998648153
297.499628382456,237.499998485252
52.5003694252877,422.499628474896
152.5,442.5
267.499813427296,352.500369498984
52.5,92.5
102.5,302.5
212.499998728897,467.499813591071
22.49962838907,247.499628368605
497.5,7.5
102.500369441009,292.499813631411
237.499998672775,272.499628548004
107.5,107.5
37.5,422.5
462.5,82.5
257.500184033525,242.499813205536
52.5,117.5
447.49962825563,442.499813276578
22.4996283888959,187.499998708309
97.5,442.5
47.5,187.5
12.5,437.5
272.5,412.5
357.500183965862,252.500369378555
337.499998614222,317.499813683132
292.5,392.5
327.5,242.5
302.5,177.5
347.499629246203,402.500370585609
37.5,167.5
402.500369430373,212.499998561979
167.499813299519,372.499628448554
267.5,262.5
127.500369367432,12.4999988002305
142.5,162.5
427.500369434766,117.499813425159
342.499813325661,482.500183890248
457.500184016255,117.499813556602
177.500369374116,382.500183999705
207.500184012418,482.500183793304
392.499813208954,362.499998797615
287.499998885174,177.500369252195
347.49962859226,442.499813836197
97.5,67.5
52.5,187.5
337.5,147.5
27.5,302.5
67.4998134982973,12.4999987352024
172.5,232.5
407.5,182.5
387.5,377.5
282.5,12.5
212.5,417.5
302.500369544269,412.499998616108
262.499998510377,462.499998602933
352.500369464375,357.500183817969
32.5001841159166,22.4996284656527
417.499813421699,212.499998771939
252.5,277.5
107.500183986301,37.4999984835639
412.5,32.5
262.5,57.5
67.4998133809316,432.500183991597
42.5,172.5
302.5,157.5
272.5,52.5
7.50018388592904,212.499998586134
217.5,122.5
32.5,267.5
337.5,132.5
352.500369681335,152.500369425194
287.499998725502,407.500184098521
152.500369393768,272.499628474647
32.5,157.5
432.500183939816,167.499813431408
67.4998133746393,407.500183965751
492.5,172.5
167.5,32.5
332.500183939001,452.50037009321
312.499998584116,62.4999986304434
207.500183989863,307.500183847168
262.5,107.5
17.5,147.5
487.5,252.5
57.5001840609977,12.4999986518605
172.499628403527,272.499628632261
142.499813386843,77.5003694267043
247.5,127.5
107.5,347.5
412.5,122.5
152.500369422581,362.49999860627
352.500369293182,407.500183763442
447.5,457.5
17.4998134295994,242.499813378592
287.499998764491,232.500183922725
282.500183986596,77.5003694344817
157.500183919182,257.500183977152
12.4999985914234,407.500183973758
467.5,477.5
492.5,67.5
207.500183912134,12.4999986574889
412.49999871601,427.500369452929
102.5,402.5
482.5,382.5
137.5,147.5
47.5,257.5
82.5,242.5
482.5,332.5
462.499998679161,52.5003694746617
62.5,357.5
62.5,122.5
282.500183863731,317.499813412861
287.5,397.5
237.5,122.5
177.500369866906,77.5003691061131
387.499998526904,267.499813365531
72.5,292.5
147.5,417.5
307.5,392.5
437.5,197.5
122.49962849023,42.4998132739119
482.5,417.5
412.5,422.5
292.5,252.5
162.49999837575,112.499998667488
142.5,72.5
262.5,327.5
192.499813472715,487.499998543791
442.5,177.5
67.4998134796047,17.4998135710294
442.499813167209,442.499813231601
227.500369703781,417.499814084574
467.499813430219,47.4996283740259
342.5,377.5
357.5,17.5
132.500183920856,247.499628497597
447.5,42.5
112.499998532542,297.49962859343
257.5,287.5
337.5,137.5
17.4998132606591,202.500369579827
452.5,142.5
197.5,122.5
147.5,292.5
407.5,352.5
32.5,387.5
437.5,92.5
492.5,22.5
132.5,352.5
7.50018388742302,402.500369404387
282.5,112.5
347.5,392.5
202.500369510721,157.500184036959
407.5,412.5
22.4996284554708,192.499813546718
137.5,277.5
397.499628330039,212.499998578297
22.5,87.5
27.5,27.5
87.5,362.5
157.5,182.5
192.499813449532,412.49999852428
382.5,237.5
282.5,57.5
307.5,12.5
442.49981342025,492.499813337374
317.499814287883,262.499999317858
497.5,72.5
472.499628466631,387.499998595141
207.5,412.5
172.5,327.5
87.499998436428,462.499999104765
317.5,187.5
152.5,487.5
302.50037062796,257.500184760171
492.5,452.5
487.5,492.5
232.500183872965,212.499998634242
462.499998618398,47.4996284405922
32.5,122.5
462.499998600139,207.500184034358
257.5,417.5
12.4999984834177,227.500369426207
462.4999986224,262.499998554392
52.5,102.5
232.500184237533,422.499628803107
237.5,52.5
432.5,367.5
232.500183979794,342.499813331242
327.500369466783,22.4996284162487
317.5,197.5
147.499628480759,217.499813863302
457.500183927634,222.499628427982
277.500369467383,442.499813388239
332.5,332.5
237.5,67.5
407.50018405536,427.500369509062
7.50018397715076,422.499628459206
467.49981343659,117.49981326141
192.5,37.5
192.5,252.5
87.5,442.5
72.5,117.5
237.499998659776,342.499813439494
227.500369855771,447.499629025491
117.5,157.5
322.5,372.5
72.5,362.5
447.499628513608,222.499628643666
317.5,37.5
212.499998694754,177.50036930287
342.499813384697,357.500183926722
202.50036943944,12.4999985239806
477.5,327.5
327.5,267.5
102.500369440706,77.500369362343
212.5,112.5
417.49981333574,447.499628356363
272.5,287.5
352.500369327723,362.49999848084
402.5,237.5
172.5,437.5
7.5,342.5
7.50018390376947,207.500183948036
102.5,187.5
42.5,387.5
207.500184011041,167.499813430317
122.49962857697,282.500184277302
452.500369504223,262.49999862644
182.500184352298,282.500184393661
332.500184216457,437.499998713558
417.499813270634,22.4996283298287
62.4999984390223,2.5003695227419
177.500369427948,142.499813359516
197.5,112.5
457.500184040019,207.500183971889
42.5,412.5
217.499813319477,12.499998707132
172.5,207.5
132.5,147.5
222.499628399803,372.499628264231
162.5,342.5
252.5,172.5
327.5,212.5
187.499998523591,17.4998134628487
392.499813822401,152.500369461878
297.499628482154,437.499998549999
327.5,82.5
217.499813262653,92.4998135036061
347.499628420224,432.500184363905
207.5,57.5
267.5,337.5
132.500183759294,207.500184449761
417.5,297.5
422.5,127.5
237.5,377.5
167.5,447.5
262.5,27.5
217.5,407.5
172.49962834696,162.499998216399
497.5,482.5
52.5,207.5
287.5,107.5
52.5,122.5
267.5,47.5
407.500184157706,397.499628581602
302.5,317.5
92.5,27.5
452.5,427.5
447.5,472.5
492.5,132.5
207.5,447.5
17.5,367.5
467.499813437252,252.500369441904
277.5,287.5
292.499813265907,247.499628482423
417.5,307.5
87.5,27.5
207.500183957811,7.50018401643705
292.499813413999,37.499998517734
492.5,117.5
342.499813230882,432.500183794116
122.5,212.5
427.5,367.5
332.5,232.5
457.500184031429,27.5003694509775
82.500184037499,422.499628528084
2.5003693305899,202.500369573072
442.5,187.5
367.5,332.5
447.5,37.5
417.5,342.5
157.50018374442,287.499998691533
192.5,262.5
202.500369544804,167.49981339522
177.5,27.5
267.499813509857,242.499813504067
332.5,227.5
372.5,102.5
212.5,117.5
72.4996284616074,452.500369429129
102.5,337.5
217.499813252676,367.499813339812
402.5,357.5
397.499628455403,147.499628585514
192.5,462.5
72.499628548257,272.49962842607
127.5,337.5
442.5,252.5
467.5,157.5
412.5,337.5
257.5,342.5
202.500369568261,322.499628498385
297.499628394955,92.4998135383064
202.5,432.5
97.4996284015791,87.4999988543596
177.500369536302,202.500369351508
22.5,427.5
22.4996284973929,422.499628559558
307.5,182.5
12.4999985066963,42.4998133665891
277.5,222.5
382.5,307.5
342.499813411379,447.499628471695
402.5,402.5
227.5,122.5
17.5,362.5
327.500370141687,422.499628202899
312.5,497.5
92.5,267.5
87.5,387.5
107.500184052347,397.49962845076
122.499628604468,382.500183912393
47.4996284715662,427.500369378277
247.499628506591,367.499813427529
2.5,92.5
217.499813372163,97.4996284810349
442.49981341107,497.499628415185
467.5,97.5
277.500369563239,42.4998132053232
292.499813447503,42.4998132702788
337.5,217.5
142.5,172.5
157.500183962657,297.499628532685
62.5,92.5
372.499628518681,457.500183996174
217.499813393557,137.499998727854
167.499813224115,157.500184084201
132.500183967416,37.4999985919636
467.5,437.5
267.5,197.5
387.499999287839,287.499998970268
317.5,192.5
367.5,92.5
202.500369410984,197.499628512219
392.5,42.5
477.5,437.5
487.5,422.5
32.5,112.5
27.5,197.5
67.5,232.5
447.5,417.5
207.5,67.5
432.5,457.5
52.5003693815861,257.500183955453
22.5,257.5
447.5,237.5
442.5,77.5
322.5,237.5
142.499813340848,457.500183973284
197.499628512487,392.499813422467
447.5,132.5
327.5,287.5
427.5,242.5
167.5,92.5
462.5,407.5
102.5,192.5
362.49999847338,372.499628360044
447.5,182.5
397.499628703181,277.5003693333
12.4999986962016,167.499813398361
22.4996284637022,237.499998503504
97.5,237.5
157.500184104272,417.499813319056
142.499813427382,87.4999985485838
442.499813375674,482.500183917139
452.500369455165,47.4996283668289
132.5,292.5
377.500369527012,202.500369466971
432.5,137.5
127.500369370482,97.4996284826787
97.5,317.5
37.5,232.5
72.5,277.5
177.5,357.5
112.5,492.5
252.500369451664,352.500369463273
457.5,492.5
302.5,392.5
392.5,72.5
387.499998546323,372.499628417234
187.499998557352,382.500183965335
62.5,202.5
442.5,347.5
67.5,217.5
437.499998560685,117.499813286774
82.5,57.5
417.5,492.5
77.5,312.5
12.5,257.5
257.500184297152,492.499813379688
77.5,487.5
217.499813486725,127.500369614232
102.5,332.5
77.5003694573445,92.4998133808175
107.500183999436,47.499628404676
267.499813285012,452.50036932543
172.5,72.5
247.49962853868,347.499628576727
337.499998712252,497.49962844092
67.4998133706789,422.499628445005
397.5,432.5
482.50018409815,27.5003693264386
177.5,102.5
122.5,187.5
487.5,412.5
147.5,327.5
177.500369411493,387.499998607923
117.5,217.5
387.499998462529,217.499813362906
352.5,447.5
392.499813481942,137.499998596997
377.5,317.5
472.5,127.5
122.499628490237,452.500369416414
7.5,272.5
187.49999863344,482.500183939725
232.5,47.5
192.499813356387,382.50018401907
122.5,192.5
277.50036964303,467.499813125923
387.499998592742,357.500183938141
497.5,377.5
162.499998495891,162.499998644826
377.5,302.5
492.499813470154,352.500369491184
47.5,327.5
482.500183776264,177.500369779565
27.5003693512718,212.49999842455
397.49962846252,267.499813402193
197.5,107.5
37.5,327.5
87.5,237.5
342.5,242.5
97.4996283887623,97.4996286849434
42.5,342.5
342.499813526977,322.499628736267
487.499998521129,277.500369450771
467.5,482.5
427.5,257.5
432.5,337.5
27.5,392.5
447.499628496056,217.499813571387
322.5,307.5
467.499813430564,337.499998688919
377.5,62.5
472.499628409719,57.5001839193563
7.5,452.5
452.5,487.5
2.5,307.5
392.499813384899,272.499628522296
287.5,272.5
447.499628452473,167.499813487888
142.5,107.5
312.5,447.5
152.500369640217,417.499813424764
287.499998698624,352.500369724295
322.49962892446,267.499813237379
362.5,482.5
382.500183955775,257.50018401993
27.5,412.5
487.5,112.5
382.50018401554,117.49981339479
322.5,142.5
332.5,202.5
467.5,497.5
142.499813425818,37.4999985467745
12.4999984306629,27.5003695211124
137.499998544016,457.500183994696
432.5,452.5
247.5,112.5
247.5,472.5
402.5,82.5
392.499814102787,297.499628290926
367.5,12.5
202.500369432552,92.4998136093222
122.499628442916,77.5003693096572
152.500369401192,257.500184016649
307.500184609867,112.499998981796
72.5,92.5
382.500183909145,142.49981353584
292.49981359674,422.499628546486
392.499813412521,127.500369502799
412.5,132.5
462.49999883907,357.500184468242
167.5,217.5
487.5,122.5
402.5,157.5
212.499998625304,142.499813496065
97.4996287190415,197.499628220418
342.5,132.5
327.50036967983,32.5001840248005
92.4998133290821,182.500184105951
262.5,32.5
187.499999029183,77.5003697079983
372.499628298416,372.499628309916
197.499628637881,377.500369409833
347.499628441702,192.499813118333
342.5,337.5
187.499998395138,292.499813664182
352.5,17.5
182.500183905151,22.4996285010253
402.5,352.5
287.5,277.5
82.5,437.5
357.5,122.5
152.5,317.5
467.499813343878,267.49981341318
297.499628314312,312.499998691027
467.499813576678,372.49962826145
482.5,482.5
262.5,417.5
32.5,282.5
37.5,177.5
152.500369357126,107.500184162694
362.499998565661,137.499998606602
452.500369646344,177.500369434247
482.5,477.5
267.5,52.5
432.500183919936,112.499998574067
12.5,432.5
417.49981343163,67.4998133907478
392.499813380767,92.4998134467939
147.499628361674,212.49999903793
127.5,117.5
122.5,177.5
347.499628637354,172.499629005088
342.499813378094,312.49999896243
167.5,452.5
282.500184049503,42.4998133419971
222.499628492014,37.4999986516021
267.499813530284,437.499998588381
452.500369369186,242.499813395699
402.5,312.5
382.500184340533,157.500183845598
347.5,387.5
147.5,442.5
432.5,37.5
352.500369509865,127.500369458043
477.500369660273,247.499628327322
327.5,147.5
222.5,207.5
397.499628723873,167.499813679277
277.500369448712,322.499628473032
367.5,112.5
347.5,212.5
57.5001840593436,467.499813305829
482.5,437.5
262.499998605109,497.499628500542
397.5,392.5
437.499998612124,72.4996284972134
42.5,262.5
107.5,22.5
287.5,387.5
362.5,122.5
22.5,492.5
192.5,67.5
192.499813497147,287.499998774953
237.5,382.5
487.499998573407,367.499813293812
417.5,292.5
77.5003694668327,172.499628535128
242.499813719666,422.499629047585
272.5,332.5
287.499998923633,417.499813518322
422.499628458711,207.500184141286
417.499813537299,427.500369324823
382.500184078926,82.5001839095019
7.50018395259018,237.499998585474
457.500184054948,32.5001840247553
367.5,52.5
387.499998597999,122.499628467511
492.5,317.5
172.499628436455,147.499628488162
82.5,227.5
297.499628349381,462.499998538268
237.49999858804,332.500183984596
292.5,172.5
452.5,442.5
127.5,447.5
477.5,67.5
12.5,72.5
302.500369800391,347.499628292377
82.5,222.5
232.5,472.5
207.500184057025,467.499813574502
237.499998709239,347.499628534946
157.500184083869,137.499998626102
482.5,152.5
247.499629253979,247.499628411095
247.499628577838,202.50036944363
307.5,282.5
92.4998135523736,292.499813528063
77.5,67.5
387.5,447.5
387.499999054312,162.499998734914
492.5,12.5
102.5,212.5
432.500183978425,497.49962856709
247.499628536367,497.499628636311
357.5,432.5
317.5,17.5
202.500369498972,42.4998133626543
377.500369473134,102.500369483218
482.5,397.5
87.5,2.5
417.5,372.5
122.499628729214,362.49999893931
267.5,37.5
97.4996285244859,112.499998721835
437.499998616483,307.500183986131
297.499628776416,367.499813959048
392.5,442.5
387.5,37.5
262.499998611703,92.499814271576
37.5,357.5
472.499628515511,362.499998654087
47.5,157.5
357.500184340492,422.499628459777
62.5,222.5
97.5,307.5
367.5,62.5
92.5,492.5
167.499813470342,282.500184234936
227.5,162.5
257.5,152.5
362.499998549642,252.500369455451
302.5,457.5
337.499998511411,182.500183761687
312.499998606404,57.5001839897197
92.5,257.5
317.5,217.5
217.5,327.5
307.5,237.5
367.5,37.5
392.5,27.5
492.5,432.5
162.499998681721,132.500184018191
157.5,427.5
157.5,237.5
467.499813420754,262.499998588634
192.5,32.5
447.5,367.5
222.499628451608,2.5003695583638
62.4999987317956,272.499628470326
392.5,427.5
177.50036941353,12.4999985750732
232.5,297.5
177.5,367.5
157.5,27.5
457.5,167.5
447.5,462.5
7.5,102.5
17.4998133938054,2.50036937182921
212.5,382.5
427.5,142.5
347.5,107.5
102.500369484584,47.4996285532233
402.5,412.5
17.4998134061636,237.499998571906
87.4999988108728,467.499813945694
112.5,12.5
297.5,397.5
2.5,432.5
12.5,352.5
102.5,407.5
317.5,277.5
417.5,487.5
342.499813394913,317.499813720298
37.5,372.5
457.500184011612,282.500183948992
377.500370250901,282.500185003112
157.5,342.5
127.500369398386,17.4998136098258
207.500183992386,267.499813472121
17.5,487.5
307.500183971307,67.4998133932326
432.500184025088,492.499813506571
227.500369461307,207.50018395935
252.500369447533,367.499813417526
167.5,242.5
167.499813589168,402.500369547059
42.5,457.5
337.5,252.5
327.500369843745,427.500370086088
477.5,452.5
262.499998821165,477.500369584629
197.5,162.5
122.5,312.5
247.5,92.5
427.50036951233,217.499813355572
102.5,492.5
437.5,142.5
147.5,277.5
332.5,217.5
97.5,427.5
252.5,57.5
472.5,77.5
472.499628437892,392.499813407815
237.5,307.5
302.5,197.5
327.5,107.5
282.500183944828,437.499998571616
462.499998536682,67.4998134241813
147.5,342.5
272.499628410058,357.500183923165
22.5,352.5
62.5,277.5
272.5,107.5
237.5,32.5
257.5,157.5
72.5,352.5
52.5,97.5
157.5,442.5
337.499998581625,12.4999985716615
137.5,362.5
137.5,72.5
27.5,377.5
232.5,282.5
322.499629533893,122.499628776437
322.5,287.5
242.499813687974,417.499813999979
437.5,177.5
332.5,262.5
147.5,132.5
297.5,207.5
472.499628520367,292.499813353121
127.500369605657,7.50018418251488
17.5,437.5
417.5,37.5
2.5,367.5
162.5,477.5
192.5,457.5
492.5,482.5
47.5,302.5
407.5,332.5
207.5,382.5
112.499998647517,227.500369511461
482.5,127.5
37.5,467.5
287.499998503341,92.4998134190366
427.5,92.5
212.499998543937,247.499628501328
112.49999876761,272.499628406127
297.5,297.5
122.5,307.5
317.5,457.5
442.5,22.5
82.5,2.5
57.5,197.5
492.499813213402,182.500183808285
352.5,102.5
222.49962847001,237.499998564955
402.5,182.5
332.5,297.5
362.5,427.5
267.499813629467,397.49962845835
422.5,327.5
117.49981343726,432.500183961097
312.5,392.5
177.500369510606,397.499628454003
452.5,87.5
407.5,357.5
487.5,457.5
252.5,157.5
147.5,167.5
497.5,462.5
327.5,142.5
77.5003694972224,167.499813464901
177.5,62.5
482.5,167.5
107.5,122.5
477.500369508085,212.499998175909
112.499998278253,447.499628403233
497.5,427.5
337.5,282.5
367.499813330929,257.500184003545
62.5,287.5
187.499998661252,217.499813366587
22.4996285098712,242.499813293586
147.5,312.5
67.5,52.5
317.499813790604,347.499628533628
297.499628499664,347.499628524485
477.500369367904,362.499998557438
37.4999986033118,432.50018410792
222.5,67.5
447.5,262.5
77.5,57.5
142.499813395545,452.500369514579
267.5,102.5
342.5,342.5
162.499998685936,142.499813455303
142.5,302.5
187.5,247.5
187.499998608286,437.499998939528
277.5,397.5
197.5,157.5
22.5,112.5
2.5,252.5
132.5,327.5
57.5001838974846,332.500184057139
42.5,337.5
352.5,302.5
167.499813399127,392.49981328734
7.5,137.5
242.499813449761,337.49999856603
27.5,162.5
452.5,407.5
87.4999987982426,292.499814142142
312.5,127.5
412.5,82.5
467.499813389276,287.499998599604
82.5,372.5
347.5,347.5
177.500369483978,2.50036943962579
272.499628536197,442.499813233568
217.5,72.5
202.5,332.5
472.5,477.5
382.5,402.5
197.5,42.5
342.499814044095,42.4998140599988
147.499628463121,472.499628357298
127.5,487.5
242.499813446556,272.499628482816
237.499998644668,432.500184059188
2.5,472.5
57.5001839330524,472.499628403496
297.49962843716,27.5003697159167
472.499628538161,47.499628355736
207.50018388191,367.499813520353
192.4998134241,7.50018401216524
472.499628457355,277.500369423769
52.5,52.5
292.5,262.5
17.5,452.5
187.499998804991,422.49962842258
22.5,477.5
327.500369529441,152.500370072701
387.5,67.5
127.5,422.5
272.49962852517,372.499628472988
317.5,437.5
172.5,57.5
262.499998829303,397.499628512018
107.5,152.5
287.5,217.5
177.5,52.5
337.5,267.5
262.499998623163,227.500369494136
137.5,292.5
382.500183957524,147.499628617412
212.499998572384,37.4999985854791
72.4996285602775,327.500369537229
282.5,157.5
217.5,277.5
237.5,82.5
337.499998709949,322.499628686113
402.500369503763,67.499813447015
237.49999863766,362.49999855486
337.499998621183,372.499628449214
72.4996283484969,2.50036952945343
62.499998488,337.499998558957
37.5,287.5
377.5,417.5
217.499813477365,27.5003695401666
147.49962847261,17.4998136936491
77.5,367.5
347.5,262.5
447.5,2.5
242.5,172.5
297.5,12.5
257.500183966417,392.499813515051
377.5,457.5
227.500369333269,12.4999985883248
387.499999121252,282.500184277387
202.500369515419,467.499813377216
422.5,132.5
142.5,167.5
17.5,87.5
367.5,247.5
387.499998696741,117.49981336259
337.499998525893,167.499813505743
272.5,157.5
467.499813487482,342.499813454112
467.499813426828,207.500184036529
377.500369441782,342.499813318238
442.499814739575,277.50036940494
82.5,62.5
357.5,387.5
202.500369426207,82.5001841661194
492.5,457.5
452.5,457.5
447.5,137.5
132.50018341083,202.500369949188
452.50036936771,247.49962848141
372.499628479844,162.499998614981
207.5,122.5
317.5,387.5
92.5,317.5
292.499813493858,182.500183939372
127.5,307.5
477.5,22.5
277.5,212.5
322.5,357.5
12.5,107.5
67.4998134947193,127.500369367987
122.499628768988,267.499813512743
412.5,322.5
152.5,237.5
347.499628464649,357.500183971098
82.5001841748632,467.499813527377
152.5,82.5
447.499628563262,202.500369618737
82.5001839079934,87.4999987038044
492.5,392.5
17.5,272.5
397.499629251967,292.49981345255
162.5,72.5
112.5,347.5
242.499813358998,327.500369443714
352.5,37.5
57.5,292.5
437.499998616834,317.49981338716
207.500183935629,257.500184070214
332.5,327.5
147.499628080094,22.4996287955256
32.5001841256415,202.500369531083
362.5,437.5
337.5,292.5
422.5,37.5
437.499998575035,447.499628660815
382.500183772588,362.49999861367
337.49999923669,422.499628677821
362.499998463724,167.4998133115
357.5,227.5
342.499813277828,7.50018397638446
442.499813534089,382.50018388908
352.5,287.5
57.5,67.5
407.500184226352,272.499628365176
132.5,332.5
107.5,342.5
82.5,262.5
472.5,497.5
302.5,142.5
82.5,272.5
17.5,67.5
422.5,467.5
457.5,472.5
37.4999985486947,477.500369315763
487.5,117.5
157.500184111145,402.500369415445
157.500184019267,352.500369485885
467.5,427.5
2.5,142.5
382.5,397.5
497.499628344409,282.50018402756
232.5,132.5
447.5,97.5
22.4996283850254,217.499813342347
447.5,372.5
62.5,372.5
307.5,357.5
287.499998656885,182.500183779325
497.499628710153,192.499813323354
347.5,247.5
67.5,57.5
482.5,172.5
2.50036944937797,197.499628496375
272.49962874066,397.499628331186
497.5,142.5
422.499628338477,12.4999985085451
92.5,322.5
52.5003694006814,147.49962841655
497.5,402.5
342.5,207.5
102.5,482.5
332.500185192043,47.499628321959
167.5,177.5
152.5,92.5
87.4999985820839,117.4998132866
137.49999852022,12.4999988334424
427.5,7.5
142.499812876802,202.500369656105
37.5,362.5
32.5001839953626,7.50018399327132
497.5,457.5
112.499998501432,27.5003693668086
97.4996285027299,417.499813494262
227.500369468051,492.499813343378
17.4998132138583,152.50036959533
132.5,267.5
482.500183972178,357.500183971848
247.499628580635,342.499813493077
17.5,92.5
177.5,67.5
122.499628848838,127.500369614347
112.499998806381,362.499998612269
477.500369464165,187.499998821213
157.5,332.5
277.500369496431,432.500183950887
247.499628439859,257.500183974953
42.5,232.5
157.500183779593,112.499998791131
152.50036943898,267.499813424481
367.5,487.5
77.5,12.5
362.499998360669,172.499628357671
22.4996283594862,202.500369424453
472.5,152.5
7.50018398961691,417.499813334682
232.5,67.5
17.4998134303126,192.499813337472
387.499998690834,327.500369463559
372.5,307.5
452.5,477.5
402.500369499375,377.500369336276
322.5,442.5
482.5,132.5
82.5001838733171,132.500183873492
407.500183968117,377.500369467747
407.5,132.5
92.5,227.5
82.5,357.5
462.5,142.5
272.5,312.5
447.499628523194,312.499998627027
352.5,62.5
127.5,292.5
247.499629566736,242.499813307507
52.5,62.5
222.499628472045,197.499628475289
192.499813548369,407.500183875902
337.5,227.5
292.499813578632,147.4996284909
167.5,477.5
57.5,357.5
287.5,292.5
112.5,102.5
487.499998653763,27.5003694719346
377.5,247.5
92.5,252.5
432.5,42.5
147.5,177.5
252.5,212.5
172.5,77.5
72.4996285227226,142.499813471794
17.5,262.5
427.5,402.5
