<?xml version="1.0" encoding="UTF-8"?>
<GenRun Id="impl_1" LaunchPart="xc7a35tcpg236-1" LaunchTime="1667726152">
  <File Type="BITSTR-BMM" Name="BASYS3IO_bd.bmm"/>
  <File Type="OPT-METHODOLOGY-DRC" Name="BASYS3IO_methodology_drc_opted.rpt"/>
  <File Type="INIT-TIMING" Name="BASYS3IO_timing_summary_init.rpt"/>
  <File Type="ROUTE-PWR" Name="BASYS3IO_power_routed.rpt"/>
  <File Type="PA-TCL" Name="BASYS3IO.tcl"/>
  <File Type="OPT-TIMING" Name="BASYS3IO_timing_summary_opted.rpt"/>
  <File Type="OPT-DCP" Name="BASYS3IO_opt.dcp"/>
  <File Type="ROUTE-PWR-SUM" Name="BASYS3IO_power_summary_routed.pb"/>
  <File Type="REPORTS-TCL" Name="BASYS3IO_reports.tcl"/>
  <File Type="OPT-DRC" Name="BASYS3IO_drc_opted.rpt"/>
  <File Type="OPT-HWDEF" Name="BASYS3IO.hwdef"/>
  <File Type="PWROPT-DCP" Name="BASYS3IO_pwropt.dcp"/>
  <File Type="PWROPT-DRC" Name="BASYS3IO_drc_pwropted.rpt"/>
  <File Type="PWROPT-TIMING" Name="BASYS3IO_timing_summary_pwropted.rpt"/>
  <File Type="PLACE-DCP" Name="BASYS3IO_placed.dcp"/>
  <File Type="PLACE-IO" Name="BASYS3IO_io_placed.rpt"/>
  <File Type="PLACE-CLK" Name="BASYS3IO_clock_utilization_placed.rpt"/>
  <File Type="PLACE-UTIL" Name="BASYS3IO_utilization_placed.rpt"/>
  <File Type="PLACE-UTIL-PB" Name="BASYS3IO_utilization_placed.pb"/>
  <File Type="PLACE-CTRL" Name="BASYS3IO_control_sets_placed.rpt"/>
  <File Type="PLACE-SIMILARITY" Name="BASYS3IO_incremental_reuse_placed.rpt"/>
  <File Type="PLACE-PRE-SIMILARITY" Name="BASYS3IO_incremental_reuse_pre_placed.rpt"/>
  <File Type="BG-BGN" Name="BASYS3IO.bgn"/>
  <File Type="PLACE-TIMING" Name="BASYS3IO_timing_summary_placed.rpt"/>
  <File Type="POSTPLACE-PWROPT-DCP" Name="BASYS3IO_postplace_pwropt.dcp"/>
  <File Type="BG-BIN" Name="BASYS3IO.bin"/>
  <File Type="POSTPLACE-PWROPT-TIMING" Name="BASYS3IO_timing_summary_postplace_pwropted.rpt"/>
  <File Type="PHYSOPT-DCP" Name="BASYS3IO_physopt.dcp"/>
  <File Type="PHYSOPT-DRC" Name="BASYS3IO_drc_physopted.rpt"/>
  <File Type="BITSTR-MSK" Name="BASYS3IO.msk"/>
  <File Type="PHYSOPT-TIMING" Name="BASYS3IO_timing_summary_physopted.rpt"/>
  <File Type="ROUTE-ERROR-DCP" Name="BASYS3IO_routed_error.dcp"/>
  <File Type="ROUTE-DCP" Name="BASYS3IO_routed.dcp"/>
  <File Type="ROUTE-BLACKBOX-DCP" Name="BASYS3IO_routed_bb.dcp"/>
  <File Type="ROUTE-DRC" Name="BASYS3IO_drc_routed.rpt"/>
  <File Type="ROUTE-DRC-PB" Name="BASYS3IO_drc_routed.pb"/>
  <File Type="BITSTR-LTX" Name="debug_nets.ltx"/>
  <File Type="BITSTR-LTX" Name="BASYS3IO.ltx"/>
  <File Type="ROUTE-DRC-RPX" Name="BASYS3IO_drc_routed.rpx"/>
  <File Type="BITSTR-MMI" Name="BASYS3IO.mmi"/>
  <File Type="ROUTE-METHODOLOGY-DRC" Name="BASYS3IO_methodology_drc_routed.rpt"/>
  <File Type="ROUTE-METHODOLOGY-DRC-RPX" Name="BASYS3IO_methodology_drc_routed.rpx"/>
  <File Type="BITSTR-SYSDEF" Name="BASYS3IO.sysdef"/>
  <File Type="ROUTE-METHODOLOGY-DRC-PB" Name="BASYS3IO_methodology_drc_routed.pb"/>
  <File Type="ROUTE-PWR-RPX" Name="BASYS3IO_power_routed.rpx"/>
  <File Type="ROUTE-STATUS" Name="BASYS3IO_route_status.rpt"/>
  <File Type="ROUTE-STATUS-PB" Name="BASYS3IO_route_status.pb"/>
  <File Type="ROUTE-TIMINGSUMMARY" Name="BASYS3IO_timing_summary_routed.rpt"/>
  <File Type="ROUTE-TIMING-PB" Name="BASYS3IO_timing_summary_routed.pb"/>
  <File Type="ROUTE-TIMING-RPX" Name="BASYS3IO_timing_summary_routed.rpx"/>
  <File Type="ROUTE-SIMILARITY" Name="BASYS3IO_incremental_reuse_routed.rpt"/>
  <File Type="ROUTE-CLK" Name="BASYS3IO_clock_utilization_routed.rpt"/>
  <File Type="ROUTE-BUS-SKEW" Name="BASYS3IO_bus_skew_routed.rpt"/>
  <File Type="ROUTE-BUS-SKEW-PB" Name="BASYS3IO_bus_skew_routed.pb"/>
  <File Type="ROUTE-BUS-SKEW-RPX" Name="BASYS3IO_bus_skew_routed.rpx"/>
  <File Type="POSTROUTE-PHYSOPT-DCP" Name="BASYS3IO_postroute_physopt.dcp"/>
  <File Type="POSTROUTE-PHYSOPT-BLACKBOX-DCP" Name="BASYS3IO_postroute_physopt_bb.dcp"/>
  <File Type="POSTROUTE-PHYSOPT-TIMING" Name="BASYS3IO_timing_summary_postroute_physopted.rpt"/>
  <File Type="POSTROUTE-PHYSOPT-TIMING-PB" Name="BASYS3IO_timing_summary_postroute_physopted.pb"/>
  <File Type="POSTROUTE-PHYSOPT-TIMING-RPX" Name="BASYS3IO_timing_summary_postroute_physopted.rpx"/>
  <File Type="POSTROUTE-PHYSOPT-BUS-SKEW" Name="BASYS3IO_bus_skew_postroute_physopted.rpt"/>
  <File Type="POSTROUTE-PHYSOPT-BUS-SKEW-PB" Name="BASYS3IO_bus_skew_postroute_physopted.pb"/>
  <File Type="BG-BIT" Name="BASYS3IO.bit"/>
  <File Type="POSTROUTE-PHYSOPT-BUS-SKEW-RPX" Name="BASYS3IO_bus_skew_postroute_physopted.rpx"/>
  <File Type="BITSTR-RBT" Name="BASYS3IO.rbt"/>
  <File Type="BITSTR-NKY" Name="BASYS3IO.nky"/>
  <File Type="BG-DRC" Name="BASYS3IO.drc"/>
  <File Type="RDI-RDI" Name="BASYS3IO.vdi"/>
  <File Type="WBT-USG" Name="usage_statistics_webtalk.html"/>
  <FileSet Name="sources" Type="DesignSrcs" RelSrcDir="$PSRCDIR/sources_1">
    <Filter Type="Srcs"/>
    <File Path="$PSRCDIR/sources_1/new/liusuixianAdder.v">
      <FileInfo>
        <Attr Name="UsedIn" Val="synthesis"/>
        <Attr Name="UsedIn" Val="implementation"/>
        <Attr Name="UsedIn" Val="simulation"/>
      </FileInfo>
    </File>
    <File Path="$PSRCDIR/sources_1/new/BASYS3IO.v">
      <FileInfo>
        <Attr Name="UsedIn" Val="synthesis"/>
        <Attr Name="UsedIn" Val="implementation"/>
        <Attr Name="UsedIn" Val="simulation"/>
      </FileInfo>
    </File>
    <Config>
      <Option Name="DesignMode" Val="RTL"/>
      <Option Name="TopModule" Val="BASYS3IO"/>
      <Option Name="TopAutoSet" Val="TRUE"/>
    </Config>
  </FileSet>
  <FileSet Name="constrs_in" Type="Constrs" RelSrcDir="$PSRCDIR/constrs_1">
    <Filter Type="Constrs"/>
    <File Path="$PSRCDIR/constrs_1/new/XDC.xdc">
      <FileInfo>
        <Attr Name="UsedIn" Val="synthesis"/>
        <Attr Name="UsedIn" Val="implementation"/>
      </FileInfo>
    </File>
    <Config>
      <Option Name="TargetConstrsFile" Val="$PSRCDIR/constrs_1/new/XDC.xdc"/>
      <Option Name="ConstrsType" Val="XDC"/>
    </Config>
  </FileSet>
  <FileSet Name="utils" Type="Utils" RelSrcDir="$PSRCDIR/utils_1">
    <Filter Type="Utils"/>
    <File Path="C:/Users/23202/Desktop/sss.tcl">
      <FileInfo>
        <Attr Name="UsedIn" Val="synthesis"/>
        <Attr Name="UsedIn" Val="implementation"/>
        <Attr Name="UsedIn" Val="simulation"/>
        <Attr Name="UsedInSteps" Val="impl_1;WRITE_BITSTREAM;TCL.PRE"/>
      </FileInfo>
    </File>
    <Config>
      <Option Name="TopAutoSet" Val="TRUE"/>
    </Config>
  </FileSet>
  <Strategy Version="1" Minor="2">
    <StratHandle Name="Vivado Implementation Defaults" Flow="Vivado Implementation 2018"/>
    <Step Id="init_design"/>
    <Step Id="opt_design"/>
    <Step Id="power_opt_design"/>
    <Step Id="place_design"/>
    <Step Id="post_place_power_opt_design"/>
    <Step Id="phys_opt_design"/>
    <Step Id="route_design"/>
    <Step Id="post_route_phys_opt_design"/>
    <Step Id="write_bitstream" PreStepTclHook="C:/Users/23202/Desktop/sss.tcl"/>
  </Strategy>
</GenRun>
