<application>
  <component name="ExternalResourceManagerImpl">
    <resource url="http://ehcache.org/ehcache.xsd" location="$USER_HOME$/.IntelliJIdea2019.3/system/extResources/39e8daee_ehcache.xsd" />
    <resource url="http://mybatis.org/dtd/mybatis-generator-config_1_0.dtd" location="$USER_HOME$/.IntelliJIdea2019.3/system/extResources/cf63db72_mybatis-generator-config_1_0.dtd" />
    <resource url="http://www.springframework.org/schema/beans" location="$USER_HOME$/.IntelliJIdea2019.3/system/extResources/334543e7_spring-beans.xsd" />
    <ignored-resource url="http://mybatis.org/dtd/mybatis-generator-config_1_0.dtd" />
    <ignored-resource url="http://schemas.microsoft.com/aml/2001/core" />
    <ignored-resource url="urn:schemas-microsoft-com:office:office" />
    <ignored-resource url="urn:schemas-microsoft-com:vml" />
  </component>
</application>